id,species,perturbation_or_case,method,evidence_quality,language,vision,memory,interoception,self_recognition,self_location,agency,metacognition,motor_report,covert_task_following,wakefulness,conscious_content,what_survives,what_drops,interpretation_limit,reference
Bodien2024_CMD,human,"Severe acquired brain injury; no observable command following at bedside",multicentre task-fMRI/EEG cohort,"large prospective cohort (n=353; relevant no-command subgroup n=241)","not uniformly established; verbal instructions used","not target variable","not target variable","not target variable","not target variable","not target variable","internal command following demonstrated in subset","not target variable","absent observable command following by inclusion","present in 60/241 by task-fMRI/EEG criterion","mixed DoC diagnoses","task-specific neural response to commands","ability to follow some commands covertly in 25% of behaviorally nonresponsive subgroup","overt behavioral report/action","Covert command following is evidence of preserved cognitive processing but does not by itself exhaust phenomenal consciousness",Bodien et al. NEJM 2024 DOI:10.1056/NEJMoa2400645
Philippi2012_patientR,human,"Extensive bilateral lesions involving insula, ACC, mPFC and medial temporal structures",neuropsychological single-case study,"single rare case","substantial language available for testing","not primary deficit","severe amnesia / autobiographical-self impairment","insula damage; detailed interoceptive consequence not core endpoint","largely preserved core self-recognition","largely preserved core self measures","sense of self-agency reported preserved","introspective self-awareness largely preserved","available","not applicable","awake","broad conscious/self-aware behavior preserved","core self-recognition; agency; stable self-concept; much introspective self-awareness","severe memory/autobiographical-self impairment","One case falsifies simple necessity claims more readily than it establishes a positive distributed mechanism",Philippi et al. PLOS ONE 2012 DOI:10.1371/journal.pone.0038413
Fleming2014_aPFC,human,"Anterior prefrontal cortex lesions",lesion cohort with perception and memory metacognition tasks,"small causal lesion cohort (aPFC n=7)","not target variable","objective perceptual performance comparable to controls","objective memory task and memory metacognition relatively preserved","not target variable","not target variable","not target variable","task performance preserved","perceptual metacognitive accuracy selectively impaired","available","not applicable","awake","visual task content available enough for objective performance","objective perception; memory metacognition","perceptual confidence calibration / metacognitive accuracy","Shows a dissociation of performance and metacognitive access; does not localize self or consciousness",Fleming et al. Brain 2014 DOI:10.1093/brain/awu221
Ronchi2015_right_insula,human,"Right insular lesion resection",pre/post lesion bodily-self and heartbeat-awareness experiment,"single pre/post case","available","available for task","not target variable","heartbeat awareness decreased","not abolished","cardio-visual manipulation produced abnormal bodily-self effects including bi-location","not globally abolished","not primary endpoint","available","not applicable","awake","conscious bodily experience altered rather than abolished","general wakeful subjectivity and task participation","interoceptive accuracy; normal bodily-self integration","Demonstrates a bodily-self component can be perturbed without equating insula with the whole subject",Ronchi et al. Neuropsychologia 2015 DOI:10.1016/j.neuropsychologia.2015.02.010
AlexanderCowey2011_V1,human,"Primary visual cortex lesions with hemianopic field defects",psychophysical lesion cases,"small lesion case series","available","normal conscious vision lost in affected field; some patients retained crude conscious motion-like experience","not primary target","not target variable","preserved","preserved","available","not target variable","available","not applicable","awake","selective visual contents altered/absent in lesioned field; residual conscious vision possible","nonvisual subjectivity and in some cases residual visual awareness","normal visual awareness for affected field","Selective sensory loss is not loss of the subject; residual pathways/plasticity complicate necessity claims",Alexander & Cowey et al. Brain 2011 PMID:21097490
Redinbaugh2020_CL,macaque,"Sleep/anesthesia plus central-lateral thalamus stimulation",simultaneous thalamic/cortical recordings and causal DBS,"causal animal state-manipulation study","not applicable","sensory processing measured but not human report","not applicable","not applicable","not applicable","not applicable","arousal behavior restored by specific stimulation","not applicable","behavioral arousal restored","not applicable","wake-like state restored from anesthesia by location/frequency-specific CL stimulation","neural processing associated with wakefulness","wake-like thalamocortical/corticocortical regime","anesthetized low-arousal regime","Strong evidence for thalamocortical control of conscious state/arousal in macaque; not evidence that thalamus alone is consciousness",Redinbaugh et al. Neuron 2020 DOI:10.1016/j.neuron.2020.01.005
LIFU_thalamus_2025,human,"Low-intensity focused ultrasound to distinct thalamic regions during near-threshold vision",causal noninvasive neuromodulation,"human causal stimulation study","not target variable","ventroanterior thalamic modulation changed object-recognition sensitivity","not target variable","not target variable","not target variable","not target variable","perceptual decision capacity modulated","not primary endpoint","button/task report available","not applicable","awake","near-threshold visual access changed","wakefulness and general task capacity","perceptual sensitivity threshold","Modulating access threshold is not equivalent to creating or abolishing consciousness",PMID:41315300
Ferri2026_postictal_aphasia,human,"Focal epilepsy with post-ictal language testing after recorded seizures",long-term video-EEG clinical cohort,"clinical cohort; detailed speech analysis available in 46 patients","post-ictal aphasia in 20/46 adequately analyzable patients; multiple deficit types","not primary target","not primary target","not target variable","not target variable","not target variable","variable with seizure state","not target variable","speech/language report impaired in affected episodes","not target variable","post-ictal state; awareness variable","language content/report selectively disrupted in subgroup","other behavior can remain sufficient for clinical interaction/testing","language processing after seizures","Post-ictal aphasia is heterogeneous and cannot identify the mechanism of any one person's transient episode",Ferri et al. Brain and Language 2026 DOI:10.1016/j.bandl.2026.105766
Tanaka2012_mental_abacus,human,"Skilled abacus user after right-hemisphere stroke involving dorsal premotor and inferior parietal regions",longitudinal lesion/fMRI single case,"single rare longitudinal case","available; linguistic calculation strategy could compensate during impairment","visual imagery-based mental-abacus strategy impaired; ordinary vision not reported abolished","mental-abacus digit memory selectively impaired while basic arithmetic knowledge survived","not target variable","preserved enough for longitudinal self-report and testing","not target variable","general agency and physical abacus operation preserved","not primary endpoint","available; physical abacus could still be operated","not applicable","awake","broad conscious/task-engaged state preserved","basic arithmetic facts; knowledge and operation of physical abacus; later recovery of visuospatial mental-abacus strategy","mental-abacus calculation and digit-memory strategy transiently lost","Single case supports selective loss of a learned internal strategy/tool more strongly than any general theory of internal simulation or self",Tanaka et al. Frontiers in Psychology 2012 DOI:10.3389/fpsyg.2012.00315
